placar_casa,placar_visitante,data,round,stage,ano,equipe_casa,equipe_visitante,resultado,Pts_casa,3P_casa,2P_casa,LL_casa,RT_casa,RO_casa,RD_casa,AS_casa,ER_casa,IA%_casa,3PC_casa,3PT_casa,3P%_casa,2PC_casa,2PT_casa,2P%_casa,LLC_casa,LLT_casa,LL%_casa,EN_casa,BR_casa,B/E_casa,TO_casa,FC_casa,T/FC_casa,ET_casa,VI_casa,EF_casa,Pts_visitante,3P_visitante,2P_visitante,LL_visitante,RT_visitante,RO_visitante,RD_visitante,AS_visitante,ER_visitante,IA%_visitante,3PC_visitante,3PT_visitante,3P%_visitante,2PC_visitante,2PT_visitante,2P%_visitante,LLC_visitante,LLT_visitante,LL%_visitante,EN_visitante,BR_visitante,B/E_visitante,TO_visitante,FC_visitante,T/FC_visitante,ET_visitante,VI_visitante,EF_visitante
77,73,2015-11-02,1,1,2015-2016,Bauru Basket,Flamengo,1,0.0,0.0,0.0,0.0,0.0,0.0,0.0,0.0,0.0,0.0,0.0,0.0,0.0,0.0,0.0,0.0,0.0,0.0,0.0,0.0,0.0,0.0,0.0,0.0,0.0,0.0,0.0,0.0,0.0,0.0,0.0,0.0,0.0,0.0,0.0,0.0,0.0,0.0,0.0,0.0,0.0,0.0,0.0,0.0,0.0,0.0,0.0,0.0,0.0,0.0,0.0,0.0,0.0,0.0,0.0,0.0
77,73,2015-11-03,1,1,2015-2016,Sesi Franca,Macaé Basquete,1,0.0,0.0,0.0,0.0,0.0,0.0,0.0,0.0,0.0,0.0,0.0,0.0,0.0,0.0,0.0,0.0,0.0,0.0,0.0,0.0,0.0,0.0,0.0,0.0,0.0,0.0,0.0,0.0,0.0,0.0,0.0,0.0,0.0,0.0,0.0,0.0,0.0,0.0,0.0,0.0,0.0,0.0,0.0,0.0,0.0,0.0,0.0,0.0,0.0,0.0,0.0,0.0,0.0,0.0,0.0,0.0
82,67,2015-11-03,1,1,2015-2016,Rio Claro,L. Sorocabana,1,0.0,0.0,0.0,0.0,0.0,0.0,0.0,0.0,0.0,0.0,0.0,0.0,0.0,0.0,0.0,0.0,0.0,0.0,0.0,0.0,0.0,0.0,0.0,0.0,0.0,0.0,0.0,0.0,0.0,0.0,0.0,0.0,0.0,0.0,0.0,0.0,0.0,0.0,0.0,0.0,0.0,0.0,0.0,0.0,0.0,0.0,0.0,0.0,0.0,0.0,0.0,0.0,0.0,0.0,0.0,0.0
75,63,2015-11-04,1,1,2015-2016,Pinheiros,Minas,1,0.0,0.0,0.0,0.0,0.0,0.0,0.0,0.0,0.0,0.0,0.0,0.0,0.0,0.0,0.0,0.0,0.0,0.0,0.0,0.0,0.0,0.0,0.0,0.0,0.0,0.0,0.0,0.0,0.0,0.0,0.0,0.0,0.0,0.0,0.0,0.0,0.0,0.0,0.0,0.0,0.0,0.0,0.0,0.0,0.0,0.0,0.0,0.0,0.0,0.0,0.0,0.0,0.0,0.0,0.0,0.0
82,91,2015-11-04,1,1,2015-2016,Caxias do Sul Basquete,Brasília,0,0.0,0.0,0.0,0.0,0.0,0.0,0.0,0.0,0.0,0.0,0.0,0.0,0.0,0.0,0.0,0.0,0.0,0.0,0.0,0.0,0.0,0.0,0.0,0.0,0.0,0.0,0.0,0.0,0.0,0.0,0.0,0.0,0.0,0.0,0.0,0.0,0.0,0.0,0.0,0.0,0.0,0.0,0.0,0.0,0.0,0.0,0.0,0.0,0.0,0.0,0.0,0.0,0.0,0.0,0.0,0.0
83,76,2015-11-04,1,1,2015-2016,Fortaleza B. C. / CFO,Mogi,1,0.0,0.0,0.0,0.0,0.0,0.0,0.0,0.0,0.0,0.0,0.0,0.0,0.0,0.0,0.0,0.0,0.0,0.0,0.0,0.0,0.0,0.0,0.0,0.0,0.0,0.0,0.0,0.0,0.0,0.0,0.0,0.0,0.0,0.0,0.0,0.0,0.0,0.0,0.0,0.0,0.0,0.0,0.0,0.0,0.0,0.0,0.0,0.0,0.0,0.0,0.0,0.0,0.0,0.0,0.0,0.0
60,68,2015-11-04,1,1,2015-2016,Vitória,Coop/São José Basketball,0,0.0,0.0,0.0,0.0,0.0,0.0,0.0,0.0,0.0,0.0,0.0,0.0,0.0,0.0,0.0,0.0,0.0,0.0,0.0,0.0,0.0,0.0,0.0,0.0,0.0,0.0,0.0,0.0,0.0,0.0,0.0,0.0,0.0,0.0,0.0,0.0,0.0,0.0,0.0,0.0,0.0,0.0,0.0,0.0,0.0,0.0,0.0,0.0,0.0,0.0,0.0,0.0,0.0,0.0,0.0,0.0
88,64,2015-11-05,2,1,2015-2016,Bauru Basket,Macaé Basquete,1,77.0,30.0,32.0,15.0,32.0,9.0,23.0,15.0,12.0,1.25,10.0,31.0,32.26,16.0,28.0,57.14,15.0,20.0,75.0,1.0,11.0,0.92,1.0,19.0,0.05,12.0,2.0,86.0,73.0,27.0,28.0,18.0,37.0,16.0,21.0,13.0,9.0,1.44,9.0,26.0,34.62,14.0,40.0,35.0,18.0,23.0,78.26,1.0,10.0,1.11,1.0,23.0,0.04,9.0,3.0,77.0
65,89,2015-11-05,2,1,2015-2016,Sesi Franca,Flamengo,0,77.0,27.0,36.0,14.0,36.0,8.0,28.0,15.0,16.0,0.94,9.0,20.0,45.0,18.0,36.0,50.0,14.0,17.0,82.35,5.0,5.0,0.31,5.0,24.0,0.21,16.0,4.0,90.0,73.0,15.0,40.0,18.0,31.0,6.0,25.0,19.0,14.0,1.36,5.0,18.0,27.78,20.0,36.0,55.56,18.0,22.0,81.82,1.0,9.0,0.64,2.0,19.0,0.11,14.0,2.0,87.0
67,74,2015-11-05,2,1,2015-2016,Rio Claro,Paulistano,0,82.0,27.0,36.0,19.0,39.0,9.0,30.0,23.0,13.0,1.77,9.0,22.0,40.91,18.0,32.0,56.25,19.0,27.0,70.37,1.0,9.0,0.69,2.0,18.0,0.11,13.0,3.0,107.0,0.0,0.0,0.0,0.0,0.0,0.0,0.0,0.0,0.0,0.0,0.0,0.0,0.0,0.0,0.0,0.0,0.0,0.0,0.0,0.0,0.0,0.0,0.0,0.0,0.0,0.0,0.0,0.0
68,93,2015-11-06,2,1,2015-2016,Pinheiros,Brasília,0,75.0,27.0,42.0,6.0,42.0,11.0,31.0,14.0,13.0,1.08,9.0,18.0,50.0,21.0,50.0,42.0,6.0,9.0,66.67,0.0,6.0,0.46,4.0,20.0,0.2,13.0,3.0,87.0,91.0,24.0,54.0,13.0,37.0,11.0,26.0,30.0,21.0,1.43,8.0,17.0,47.06,27.0,39.0,69.23,13.0,14.0,92.86,4.0,3.0,0.14,3.0,24.0,0.13,21.0,4.0,121.0
48,75,2015-11-06,2,1,2015-2016,Caxias do Sul Basquete,Minas,0,82.0,15.0,46.0,21.0,23.0,13.0,10.0,17.0,7.0,2.43,5.0,28.0,17.86,23.0,42.0,54.76,21.0,25.0,84.0,0.0,14.0,2.0,0.0,20.0,0.0,7.0,3.0,83.0,63.0,15.0,32.0,16.0,35.0,9.0,26.0,18.0,12.0,1.5,5.0,18.0,27.78,16.0,42.0,38.1,16.0,21.0,76.19,3.0,10.0,0.83,3.0,16.0,0.19,12.0,4.0,73.0
80,91,2015-11-06,2,1,2015-2016,Fortaleza B. C. / CFO,Coop/São José Basketball,0,83.0,39.0,24.0,20.0,44.0,12.0,32.0,11.0,19.0,0.58,13.0,25.0,52.0,12.0,36.0,33.33,20.0,22.0,90.91,1.0,6.0,0.32,9.0,23.0,0.39,19.0,4.0,96.0,68.0,30.0,26.0,12.0,35.0,5.0,30.0,12.0,15.0,0.8,10.0,25.0,40.0,13.0,28.0,46.43,12.0,13.0,92.31,1.0,5.0,0.33,0.0,17.0,0.0,15.0,3.0,74.0
64,83,2015-11-06,2,1,2015-2016,Vitória,Mogi,0,60.0,12.0,40.0,8.0,35.0,9.0,26.0,12.0,16.0,0.75,4.0,20.0,20.0,20.0,41.0,48.78,8.0,12.0,66.67,0.0,10.0,0.63,0.0,16.0,0.0,16.0,10.0,60.0,76.0,21.0,38.0,17.0,42.0,15.0,27.0,13.0,12.0,1.08,7.0,26.0,26.92,19.0,47.0,40.43,17.0,24.0,70.83,0.0,14.0,1.17,2.0,18.0,0.11,12.0,5.0,81.0
75,85,2015-11-10,3,1,2015-2016,Minas,Sesi Franca,0,69.0,19.5,35.0,14.5,41.0,9.5,31.5,17.0,14.5,1.22,6.5,19.5,32.94,17.5,39.0,45.44,14.5,19.5,74.205,1.5,9.0,0.6499999999999999,3.0,17.5,0.175,14.5,4.0,85.0,71.0,19.5,36.0,15.5,33.0,9.0,24.0,12.5,16.0,0.7849999999999999,6.5,19.5,33.025,18.0,36.0,50.0,15.5,21.5,73.865,4.5,7.0,0.43500000000000005,3.5,25.0,0.145,16.0,3.0,74.0
83,52,2015-11-10,3,1,2015-2016,Mogi,Caxias do Sul Basquete,1,79.5,25.5,42.0,12.0,37.5,13.0,24.5,18.0,13.0,1.3599999999999999,8.5,24.5,35.2,21.0,43.5,48.965,12.0,16.5,74.305,2.0,12.0,0.94,2.5,20.0,0.125,13.0,4.0,93.0,65.0,16.5,35.0,13.5,26.5,10.0,16.5,14.5,9.5,1.715,5.5,27.0,20.47,17.5,37.0,46.129999999999995,13.5,21.5,58.665,0.0,13.0,1.5,0.5,21.5,0.02,9.5,3.0,61.0
74,95,2015-11-10,3,1,2015-2016,Coop/São José Basketball,Pinheiros,0,79.5,31.5,36.0,12.0,35.5,6.5,29.0,14.0,12.5,1.2000000000000002,10.5,25.0,42.0,18.0,34.5,51.265,12.0,15.5,79.49000000000001,1.0,6.5,0.5650000000000001,1.5,19.0,0.07,12.5,3.5,90.0,71.5,19.5,41.0,11.0,37.5,12.5,25.0,11.5,13.0,0.885,6.5,19.0,35.0,20.5,49.5,41.41,11.0,15.5,69.7,0.0,9.0,0.6900000000000001,4.0,21.5,0.185,13.0,3.0,74.5
108,101,2015-11-11,3,1,2015-2016,Paulistano,Fortaleza B. C. / CFO,1,74.0,30.0,34.0,10.0,39.0,13.0,26.0,13.0,11.0,1.18,10.0,28.0,35.71,17.0,36.0,47.22,10.0,15.0,66.67,1.0,7.0,0.64,1.0,14.0,0.07,11.0,2.0,81.0,81.5,37.5,27.0,17.0,45.0,15.5,29.5,13.0,14.0,1.125,12.5,31.0,42.215,13.5,38.5,34.96,17.0,20.5,82.295,1.0,6.0,0.495,5.5,22.0,0.245,14.0,2.5,90.0
84,80,2015-11-11,3,1,2015-2016,Macaé Basquete,Rio Claro,1,68.5,25.5,27.0,16.0,31.0,12.5,18.5,10.0,8.0,1.22,8.5,28.5,30.214999999999996,13.5,34.5,39.915,16.0,21.5,74.13,1.0,9.0,1.125,0.5,22.5,0.02,8.0,3.0,64.5,74.5,27.0,34.0,13.5,34.0,6.0,28.0,22.0,12.5,1.76,9.0,22.5,40.019999999999996,17.0,30.0,56.695,13.5,21.0,61.85,1.5,9.0,0.72,2.5,18.0,0.14,12.5,3.5,95.5
71,69,2015-11-11,3,1,2015-2016,L. Sorocabana,Vitória,1,67.0,24.0,34.0,9.0,37.0,17.0,20.0,13.0,14.0,0.93,8.0,24.0,33.33,17.0,45.0,37.78,9.0,14.0,64.29,0.0,10.0,0.71,3.0,23.0,0.13,14.0,4.0,67.0,62.0,10.5,38.0,13.5,33.5,10.5,23.0,9.5,14.5,0.645,3.5,18.0,19.375,19.0,41.5,45.82,13.5,18.0,72.92,1.5,8.5,0.585,1.5,15.5,0.1,14.5,7.5,59.0
67,83,2015-11-12,4,1,2015-2016,Minas,Bauru Basket,0,71.0,22.0,34.666666666666664,14.333333333333334,37.666666666666664,9.666666666666666,28.0,17.333333333333332,13.666666666666666,1.3133333333333332,7.333333333333333,22.0,33.07,17.333333333333332,37.333333333333336,46.96,14.333333333333334,20.666666666666668,69.76,2.0,10.333333333333334,0.7933333333333333,3.0,19.333333333333332,0.16,13.666666666666666,4.0,84.66666666666667,82.5,31.5,39.0,12.0,33.5,7.0,26.5,17.0,11.0,1.575,10.5,28.5,37.285,19.5,29.0,66.905,12.0,17.0,69.64500000000001,0.5,7.5,0.66,1.0,17.5,0.055,11.0,2.0,98.0
86,83,2015-11-12,4,1,2015-2016,Mogi,Pinheiros,1,80.66666666666667,26.0,42.666666666666664,12.0,42.333333333333336,14.0,28.333333333333332,17.0,15.333333333333334,1.1566666666666665,8.666666666666666,24.666666666666668,35.46666666666667,21.333333333333332,42.666666666666664,50.53,12.0,17.666666666666668,69.53666666666668,2.3333333333333335,11.666666666666666,0.8099999999999999,3.0,18.666666666666668,0.16666666666666666,15.333333333333334,3.6666666666666665,96.0,79.33333333333333,15.0,49.333333333333336,15.0,41.666666666666664,13.333333333333334,28.333333333333332,11.0,11.333333333333334,1.0066666666666666,5.0,17.0,28.459999999999997,24.666666666666668,53.666666666666664,45.349999999999994,15.0,19.333333333333332,74.86333333333333,0.3333333333333333,9.0,0.8366666666666666,4.666666666666667,21.0,0.2233333333333333,11.333333333333334,2.6666666666666665,89.0
71,76,2015-11-12,4,1,2015-2016,Coop/São José Basketball,Caxias do Sul Basquete,0,77.66666666666667,30.0,35.333333333333336,12.333333333333334,34.666666666666664,7.666666666666667,27.0,12.666666666666666,12.333333333333334,1.0766666666666669,10.0,26.333333333333332,38.343333333333334,17.666666666666668,36.0,48.70666666666667,12.333333333333334,16.333333333333332,77.06666666666668,0.6666666666666666,6.0,0.5166666666666667,1.6666666666666667,20.0,0.07666666666666667,12.333333333333334,3.0,81.66666666666667,60.666666666666664,17.0,30.666666666666668,13.0,29.333333333333332,10.666666666666666,18.666666666666668,13.0,12.0,1.34,5.666666666666667,26.666666666666668,21.34,15.333333333333334,37.0,40.663333333333334,13.0,20.333333333333332,61.333333333333336,0.0,14.0,1.3133333333333332,0.6666666666666666,20.333333333333332,0.03333333333333333,12.0,3.3333333333333335,55.666666666666664
77,63,2015-11-13,4,1,2015-2016,Paulistano,Vitória,1,91.0,34.5,43.0,13.5,37.5,13.5,24.0,16.0,13.0,1.225,11.5,28.5,40.269999999999996,21.5,39.0,54.56,13.5,19.0,70.28999999999999,2.0,9.0,0.685,1.0,19.0,0.05500000000000001,13.0,6.0,101.5,64.33333333333333,12.0,37.333333333333336,15.0,34.333333333333336,10.333333333333334,24.0,8.333333333333334,16.333333333333332,0.53,4.0,16.0,26.80666666666667,18.666666666666668,39.0,48.19333333333333,15.0,21.0,70.83666666666666,1.0,8.0,0.5066666666666667,1.6666666666666667,17.0,0.10000000000000002,16.333333333333332,6.0,62.0
70,78,2015-11-13,4,1,2015-2016,L. Sorocabana,Fortaleza B. C. / CFO,0,69.0,16.5,41.0,11.5,38.0,19.0,19.0,13.5,12.5,1.1,5.5,21.5,24.56,20.5,49.5,41.11,11.5,16.5,68.98500000000001,0.5,13.5,1.13,2.0,24.0,0.085,12.5,3.5,73.5,88.0,34.0,34.0,20.0,41.333333333333336,14.0,27.333333333333332,11.666666666666666,13.666666666666666,0.98,11.333333333333334,28.666666666666668,40.64333333333334,17.0,39.333333333333336,42.82,20.0,24.666666666666668,81.12666666666667,0.6666666666666666,5.666666666666667,0.4566666666666667,4.0,22.666666666666668,0.17666666666666667,13.666666666666666,2.0,92.66666666666667
102,70,2015-11-13,4,1,2015-2016,Flamengo,Rio Claro,1,81.0,19.5,43.0,18.5,33.0,8.0,25.0,20.0,13.5,1.4900000000000002,6.5,19.5,32.94,21.5,37.0,58.045,18.5,22.5,82.215,1.0,10.0,0.745,2.0,23.0,0.09,13.5,1.0,100.0,76.33333333333333,24.0,36.666666666666664,15.666666666666666,32.0,6.666666666666667,25.333333333333332,20.666666666666668,14.0,1.5266666666666666,8.0,22.0,36.203333333333326,18.333333333333332,31.333333333333332,58.38333333333333,15.666666666666666,23.333333333333332,65.04333333333334,2.0,10.333333333333334,0.7333333333333334,2.3333333333333335,19.333333333333332,0.12333333333333334,14.0,3.0,93.0
88,82,2015-11-17,5,1,2015-2016,Coop/São José Basketball,Rio Claro,1,76.0,27.0,36.5,12.5,35.75,9.0,26.75,12.5,13.25,0.9950000000000001,9.0,26.0,34.7575,18.25,37.25,48.725,12.5,16.5,76.9175,0.75,6.5,0.5125,1.75,20.25,0.0825,13.25,3.5,79.25,74.75,26.25,36.0,12.5,30.25,6.0,24.25,19.25,15.5,1.3325,8.75,22.75,38.152499999999996,18.0,32.0,56.2875,12.5,18.5,67.5325,2.5,9.75,0.65,2.0,18.25,0.11,15.5,3.0,86.5
81,85,2015-11-17,5,1,2015-2016,Fortaleza B. C. / CFO,Brasília,0,85.5,31.5,34.5,19.5,39.75,12.25,27.5,11.5,16.0,0.855,10.5,27.0,39.572500000000005,17.25,37.0,47.115,19.5,24.5,79.595,1.0,7.5,0.485,3.25,22.5,0.14500000000000002,16.0,2.25,90.25,92.0,30.0,49.0,13.0,37.0,8.5,28.5,23.5,19.0,1.2149999999999999,10.0,19.0,52.1,24.5,38.5,63.56,13.0,15.0,87.055,3.0,5.5,0.305,2.0,23.0,0.09,19.0,3.5,116.0
76,66,2015-11-17,5,1,2015-2016,Vitória,Minas,1,64.0,12.75,35.5,15.75,34.5,11.5,23.0,7.75,15.0,0.535,4.25,17.75,25.54,17.75,40.25,44.6675,15.75,21.0,74.55499999999999,0.75,9.25,0.675,1.5,15.0,0.10250000000000001,15.0,5.5,60.75,70.0,21.0,36.0,13.0,34.0,8.75,25.25,16.5,12.5,1.375,7.0,23.5,30.159999999999997,18.0,37.0,49.11,13.0,19.25,67.32,2.5,10.25,0.8725,2.75,21.0,0.13999999999999999,12.5,3.5,79.25
84,82,2015-11-18,5,1,2015-2016,Paulistano,Macaé Basquete,1,86.33333333333333,33.0,42.0,11.333333333333334,38.666666666666664,11.666666666666666,27.0,16.0,14.333333333333334,1.1300000000000001,11.0,26.333333333333332,41.99666666666666,21.0,38.0,54.89333333333334,11.333333333333334,15.666666666666666,72.78666666666666,2.3333333333333335,7.666666666666667,0.5533333333333333,1.3333333333333333,17.666666666666668,0.08,14.333333333333334,5.0,99.0,73.66666666666667,26.0,29.333333333333332,18.333333333333332,30.0,10.666666666666666,19.333333333333332,9.333333333333334,10.666666666666666,0.98,8.666666666666666,26.333333333333332,33.779999999999994,14.666666666666666,33.333333333333336,44.89000000000001,18.333333333333332,22.666666666666668,80.08666666666666,1.0,10.666666666666666,1.0433333333333332,0.3333333333333333,24.333333333333332,0.013333333333333334,10.666666666666666,2.6666666666666665,72.66666666666667
71,79,2015-11-18,5,1,2015-2016,Bauru Basket,Pinheiros,0,82.66666666666667,29.0,37.333333333333336,16.333333333333332,35.666666666666664,7.666666666666667,28.0,16.0,13.0,1.3233333333333333,9.666666666666666,25.333333333333332,38.89333333333333,18.666666666666668,29.666666666666668,62.88333333333333,16.333333333333332,21.0,75.16666666666667,1.6666666666666667,6.666666666666667,0.5366666666666667,1.0,18.333333333333332,0.05333333333333334,13.0,2.3333333333333335,97.66666666666667,80.25,16.5,48.0,15.75,41.75,12.25,29.5,11.5,11.5,1.025,5.5,17.5,30.555,24.0,51.5,46.235,15.75,19.75,77.575,0.75,7.75,0.71,5.75,21.25,0.26999999999999996,11.5,2.5,92.0
68,76,2015-11-18,5,1,2015-2016,L. Sorocabana,Flamengo,0,69.33333333333333,14.0,42.666666666666664,12.666666666666666,37.333333333333336,17.666666666666668,19.666666666666668,11.333333333333334,14.333333333333334,0.8633333333333334,4.666666666666667,19.666666666666668,22.623333333333335,21.333333333333332,50.0,42.44,12.666666666666666,17.333333333333332,72.30666666666667,0.3333333333333333,14.666666666666666,1.0666666666666667,2.3333333333333335,24.666666666666668,0.09666666666666668,14.333333333333334,4.0,72.33333333333333,88.0,19.0,51.333333333333336,17.666666666666668,32.0,6.333333333333333,25.666666666666668,22.0,12.333333333333334,1.86,6.333333333333333,17.666666666666668,36.24666666666666,25.666666666666668,41.0,61.826666666666675,17.666666666666668,21.0,84.44,1.6666666666666667,12.333333333333334,1.0633333333333332,1.6666666666666667,19.666666666666668,0.08666666666666667,12.333333333333334,1.3333333333333333,113.66666666666667
64,69,2015-11-19,6,1,2015-2016,Fortaleza B. C. / CFO,Minas,0,84.6,30.0,36.8,17.8,37.6,11.2,26.4,11.0,15.2,0.834,10.0,26.4,38.324,18.4,38.0,48.644,17.8,22.6,78.342,1.4,7.8,0.538,3.0,22.0,0.136,15.2,2.0,88.0,69.2,19.2,36.8,13.2,33.2,9.2,24.0,16.8,13.0,1.34,6.4,23.0,27.938,18.4,36.2,51.410000000000004,13.2,19.2,68.592,2.2,10.0,0.818,2.4,20.2,0.12399999999999997,13.0,3.4,78.2
83,73,2015-11-19,6,1,2015-2016,Vitória,Brasília,1,66.4,15.6,36.8,14.0,33.4,10.8,22.6,9.6,14.8,0.67,5.2,18.4,29.003999999999998,18.4,39.2,47.733999999999995,14.0,19.2,71.30999999999999,0.8,9.6,0.6980000000000001,1.4,16.2,0.092,14.8,5.2,66.4,89.66666666666667,30.0,45.333333333333336,14.333333333333334,38.333333333333336,9.666666666666666,28.666666666666668,21.333333333333332,18.333333333333332,1.1433333333333333,10.0,21.666666666666668,47.080000000000005,22.666666666666668,37.666666666666664,59.96666666666667,14.333333333333334,17.0,85.02,2.3333333333333335,7.0,0.39999999999999997,2.0,21.333333333333332,0.09666666666666666,18.333333333333332,4.666666666666667,110.66666666666667
67,60,2015-11-20,6,1,2015-2016,Paulistano,Flamengo,1,85.75,30.75,43.5,11.5,39.75,12.0,27.75,15.5,13.25,1.1975,10.25,25.5,40.192499999999995,21.75,39.25,55.1225,11.5,16.0,72.2375,2.0,7.5,0.5900000000000001,1.5,19.0,0.0825,13.25,4.25,99.5,85.0,20.25,47.5,17.25,32.75,6.5,26.25,21.25,13.5,1.675,6.75,17.5,38.95,23.75,39.25,59.605000000000004,17.25,21.5,80.7225,1.5,11.25,0.915,2.25,18.75,0.1275,13.5,1.5,108.5
78,51,2015-11-20,6,1,2015-2016,Bauru Basket,Caxias do Sul Basquete,1,79.75,30.0,35.5,14.25,34.25,7.5,26.75,16.5,12.75,1.3675,10.0,28.5,36.4075,17.75,28.5,62.1625,14.25,18.5,74.5575,1.5,8.0,0.6525000000000001,0.75,18.25,0.04,12.75,1.75,93.0,64.5,15.75,35.5,13.25,30.5,10.25,20.25,13.25,13.75,1.1900000000000002,5.25,25.25,20.7675,17.75,37.75,46.1225,13.25,20.25,63.5,0.0,13.25,1.13,0.75,21.25,0.035,13.75,4.25,61.5
86,72,2015-11-20,6,1,2015-2016,L. Sorocabana,Macaé Basquete,1,69.0,15.75,41.5,11.75,36.0,16.5,19.5,11.0,14.75,0.805,5.25,20.75,24.26,20.75,48.0,43.14,11.75,15.75,74.685,0.5,14.25,1.0025,1.75,25.0,0.07250000000000001,14.75,4.75,70.5,75.75,25.5,31.5,18.75,29.25,9.25,20.0,11.0,10.25,1.18,8.5,25.5,34.03,15.75,34.5,46.167500000000004,18.75,22.75,81.80499999999999,1.0,9.5,0.95,0.75,23.0,0.0375,10.25,2.5,76.25
94,106,2015-11-25,4,1,2015-2016,Brasília,Sesi Franca,0,85.5,30.0,41.0,14.5,40.0,12.25,27.75,19.5,16.75,1.15,10.0,23.75,43.6425,20.5,38.0,53.95,14.5,18.25,80.81,1.75,6.25,0.3825,1.75,20.5,0.0875,16.75,3.75,101.25,75.66666666666667,26.0,36.0,13.666666666666666,33.333333333333336,7.333333333333333,26.0,15.666666666666666,17.0,0.9099999999999998,8.666666666666666,22.0,38.06666666666666,18.0,33.0,55.55666666666667,13.666666666666666,19.666666666666668,70.07666666666667,4.333333333333333,6.0,0.36000000000000004,3.3333333333333335,24.333333333333332,0.13999999999999999,17.0,3.0,82.66666666666667
111,114,2015-11-27,3,1,2015-2016,Brasília,Bauru Basket,0,87.2,28.8,42.4,16.0,39.0,12.0,27.0,19.6,16.8,1.156,9.6,24.2,41.068,21.2,38.0,55.79200000000001,16.0,19.6,82.248,2.4,6.4,0.388,1.8,22.0,0.08399999999999999,16.8,3.6,102.2,79.4,27.0,35.6,16.8,34.2,7.4,26.8,16.6,11.8,1.52,9.0,27.6,33.291999999999994,17.8,30.0,59.73,16.8,21.6,75.52799999999999,1.6,9.2,0.8720000000000001,0.6,18.6,0.032,11.8,1.6,92.6
68,63,2015-11-27,6,1,2015-2016,Mogi,Rio Claro,1,82.0,25.5,44.0,12.5,42.0,14.0,28.0,17.5,13.25,1.545,8.5,23.25,37.1275,22.0,46.0,48.6125,12.5,18.5,68.82000000000001,1.75,11.25,0.9649999999999999,3.5,19.75,0.18,13.25,3.5,98.0,76.2,24.6,36.4,15.2,30.4,6.8,23.6,18.4,15.8,1.242,8.2,23.2,35.321999999999996,18.2,32.6,55.888,15.2,22.2,68.08,2.4,10.0,0.65,2.4,21.4,0.11200000000000002,15.8,3.8,85.2
86,82,2015-11-28,5,1,2015-2016,Sesi Franca,Caxias do Sul Basquete,1,83.25,27.0,41.0,15.25,33.25,8.5,24.75,18.25,15.25,1.3325,9.0,22.5,38.9675,20.5,36.5,56.56,15.25,21.75,70.41499999999999,4.0,7.25,0.545,3.25,24.5,0.135,15.25,2.5,94.0,61.8,15.0,34.8,12.0,31.4,8.4,23.0,12.4,14.8,1.046,5.0,23.8,21.058,17.4,36.4,47.220000000000006,12.0,18.2,64.8,0.6,12.0,0.978,1.0,23.4,0.04,14.8,4.2,59.8
70,84,2015-11-30,6,1,2015-2016,Sesi Franca,Pinheiros,0,83.8,27.0,40.0,16.8,34.0,8.2,25.8,17.4,15.2,1.252,9.0,23.2,38.098,20.0,35.8,56.158,16.8,24.8,68.76399999999998,3.6,7.8,0.5700000000000001,3.0,24.8,0.124,15.2,2.0,92.8,80.0,16.8,47.6,15.6,39.8,10.4,29.4,12.0,12.6,0.984,5.6,16.6,33.674,23.8,49.2,48.488,15.6,20.4,75.104,0.8,8.6,0.71,5.0,20.0,0.242,12.6,2.8,91.6
63,72,2015-12-01,7,1,2015-2016,Rio Claro,Bauru Basket,0,74.0,25.0,34.666666666666664,14.333333333333334,30.5,7.5,23.0,17.666666666666668,16.333333333333332,1.1583333333333334,8.333333333333334,24.166666666666668,34.60666666666666,17.333333333333332,32.333333333333336,53.56333333333333,14.333333333333334,20.833333333333332,68.63833333333334,2.3333333333333335,11.0,0.6816666666666666,2.5,20.833333333333332,0.12166666666666669,16.333333333333332,4.0,82.0,85.16666666666667,30.5,35.333333333333336,19.333333333333332,35.166666666666664,8.333333333333334,26.833333333333332,17.0,11.5,1.5833333333333333,10.166666666666666,28.0,36.63166666666666,17.666666666666668,30.666666666666668,58.10833333333333,19.333333333333332,24.5,76.615,1.5,8.5,0.81,0.5,18.833333333333332,0.02666666666666667,11.5,1.5,98.83333333333333
67,85,2015-12-01,7,1,2015-2016,Fortaleza B. C. / CFO,Flamengo,0,81.16666666666667,28.0,36.333333333333336,16.833333333333332,37.666666666666664,11.666666666666666,26.0,11.166666666666666,15.0,0.8383333333333334,9.333333333333334,26.166666666666668,35.93666666666667,18.166666666666668,37.5,48.63166666666667,16.833333333333332,22.333333333333332,74.80833333333332,1.6666666666666667,7.666666666666667,0.5316666666666666,2.8333333333333335,21.833333333333332,0.13,15.0,2.1666666666666665,83.83333333333333,80.0,19.2,45.6,15.2,34.0,7.4,26.6,19.0,14.0,1.466,6.4,18.2,35.922000000000004,22.8,39.4,57.184000000000005,15.2,19.6,76.244,1.2,10.2,0.808,2.0,18.8,0.11200000000000002,14.0,1.8,98.4
86,74,2015-12-01,7,1,2015-2016,Vitória,Macaé Basquete,1,69.16666666666667,17.5,37.666666666666664,14.0,34.5,11.166666666666666,23.333333333333332,10.0,13.5,0.8433333333333334,5.833333333333333,19.333333333333332,30.419999999999998,18.833333333333332,39.833333333333336,47.91833333333333,14.0,18.5,74.97999999999999,0.8333333333333334,9.333333333333334,0.7716666666666666,1.3333333333333333,16.333333333333332,0.08666666666666667,13.5,4.833333333333333,71.83333333333333,75.0,23.4,32.0,19.6,29.4,8.8,20.6,10.4,11.6,1.0379999999999998,7.8,24.8,31.77,16.0,33.6,48.26800000000001,19.6,23.6,82.482,1.0,9.8,0.89,1.2,22.0,0.064,11.6,2.8,75.6
73,59,2015-12-02,7,1,2015-2016,Pinheiros,L. Sorocabana,1,80.66666666666667,15.5,49.333333333333336,15.833333333333334,41.5,10.666666666666666,30.833333333333332,12.333333333333334,13.0,0.975,5.166666666666667,15.333333333333334,33.61666666666667,24.666666666666668,50.166666666666664,49.195,15.833333333333334,21.0,74.39166666666667,1.1666666666666667,8.833333333333334,0.7033333333333333,4.833333333333333,21.166666666666668,0.22666666666666666,13.0,2.8333333333333335,94.33333333333333,72.4,18.0,42.8,11.6,35.4,15.0,20.4,11.8,14.8,0.8440000000000001,6.0,21.0,27.589999999999996,21.4,47.0,45.674,11.6,15.4,75.462,0.6,13.6,0.9480000000000001,1.4,24.8,0.05800000000000001,14.8,4.2,75.4
74,71,2015-12-02,7,1,2015-2016,Minas,Mogi,1,69.16666666666667,20.0,36.0,13.166666666666666,33.833333333333336,9.5,24.333333333333332,16.333333333333332,13.333333333333334,1.2716666666666667,6.666666666666667,22.833333333333332,29.34166666666667,18.0,36.166666666666664,50.248333333333335,13.166666666666666,18.833333333333332,69.90499999999999,2.0,9.666666666666666,0.77,2.1666666666666665,20.5,0.11166666666666665,13.333333333333334,3.8333333333333335,77.83333333333333,79.2,24.0,43.2,12.0,40.2,13.0,27.2,17.0,14.8,1.378,8.0,23.4,34.702,21.6,42.8,52.224000000000004,12.0,18.0,67.55600000000001,2.0,11.8,0.9059999999999999,3.2,18.6,0.172,14.8,3.6,93.8
70,83,2015-12-02,7,1,2015-2016,Caxias do Sul Basquete,Paulistano,0,65.16666666666667,16.0,34.666666666666664,14.5,33.333333333333336,9.333333333333334,24.0,12.666666666666666,14.5,1.0516666666666667,5.333333333333333,24.0,22.215,17.333333333333332,36.833333333333336,46.61500000000001,14.5,21.333333333333332,66.16166666666668,0.5,12.5,1.0066666666666666,1.5,24.833333333333332,0.055,14.5,3.8333333333333335,65.66666666666667,82.0,30.6,40.0,11.4,39.2,11.8,27.4,15.4,13.4,1.1720000000000002,10.2,25.2,40.488,20.0,39.0,50.940000000000005,11.4,15.4,74.714,1.6,7.6,0.5860000000000001,2.0,19.0,0.10800000000000001,13.4,4.6,94.8
83,55,2015-12-03,8,1,2015-2016,Rio Claro,Sesi Franca,1,72.42857142857143,24.0,35.142857142857146,13.285714285714286,30.428571428571427,7.714285714285714,22.714285714285715,17.142857142857142,16.285714285714285,1.1185714285714285,8.0,23.285714285714285,34.42428571428571,17.571428571428573,33.285714285714285,52.871428571428574,13.285714285714286,19.428571428571427,67.92428571428572,2.4285714285714284,10.857142857142858,0.6742857142857143,2.2857142857142856,20.714285714285715,0.11142857142857145,16.285714285714285,3.7142857142857144,79.71428571428571,81.5,25.5,38.666666666666664,17.333333333333332,33.0,7.833333333333333,25.166666666666668,16.5,14.833333333333334,1.1966666666666665,8.5,22.666666666666668,36.748333333333335,19.333333333333332,36.833333333333336,53.14833333333334,17.333333333333332,25.5,68.79833333333333,3.3333333333333335,7.833333333333333,0.5783333333333334,3.1666666666666665,24.0,0.1366666666666667,14.833333333333334,2.1666666666666665,87.33333333333333
88,64,2015-12-03,8,1,2015-2016,Fortaleza B. C. / CFO,Macaé Basquete,1,79.14285714285714,27.428571428571427,35.714285714285715,16.0,38.142857142857146,12.285714285714286,25.857142857142858,10.428571428571429,15.0,0.7757142857142858,9.142857142857142,26.0,35.37428571428571,17.857142857142858,38.285714285714285,47.0,16.0,21.0,76.21000000000001,2.0,8.285714285714286,0.5700000000000001,2.4285714285714284,21.142857142857142,0.11142857142857143,15.0,2.2857142857142856,81.14285714285714,74.83333333333333,23.5,32.666666666666664,18.666666666666668,29.5,8.833333333333334,20.666666666666668,10.5,12.333333333333334,0.9799999999999999,7.833333333333333,24.0,33.141666666666666,16.333333333333332,34.5,47.915,18.666666666666668,23.0,80.40166666666666,0.8333333333333334,9.5,0.8250000000000001,1.1666666666666667,21.0,0.06333333333333334,12.333333333333334,2.8333333333333335,74.5
70,96,2015-12-03,8,1,2015-2016,Vitória,Flamengo,0,71.57142857142857,19.285714285714285,38.57142857142857,13.714285714285714,34.42857142857143,11.0,23.428571428571427,11.142857142857142,13.571428571428571,0.9071428571428573,6.428571428571429,20.0,32.027142857142856,19.285714285714285,39.42857142857143,49.567142857142855,13.714285714285714,18.571428571428573,73.29142857142857,1.1428571428571428,9.714285714285714,0.7842857142857144,1.1428571428571428,16.857142857142858,0.07428571428571429,13.571428571428571,4.571428571428571,75.85714285714286,80.83333333333333,22.0,44.333333333333336,14.5,33.333333333333336,7.333333333333333,26.0,19.0,14.0,1.4483333333333333,7.333333333333333,19.5,37.62666666666667,22.166666666666668,38.666666666666664,56.701666666666675,14.5,18.5,77.64,1.1666666666666667,10.5,0.8166666666666668,2.3333333333333335,18.5,0.13333333333333333,14.0,1.6666666666666667,99.33333333333333
91,84,2015-12-04,8,1,2015-2016,Minas,Coop/São José Basketball,1,69.85714285714286,20.571428571428573,36.57142857142857,12.714285714285714,34.0,9.571428571428571,24.428571428571427,16.428571428571427,14.0,1.2242857142857144,6.857142857142857,22.857142857142858,30.118571428571432,18.285714285714285,36.142857142857146,51.00714285714286,12.714285714285714,17.857142857142858,71.82285714285713,2.0,9.571428571428571,0.7314285714285714,2.4285714285714284,20.428571428571427,0.12428571428571426,14.0,4.0,79.28571428571429,78.4,26.4,36.0,16.0,37.2,10.4,26.8,13.0,15.0,0.932,8.8,24.8,35.806,18.0,38.2,47.076,16.0,20.6,77.75,0.6,6.6,0.4739999999999999,1.6,22.6,0.072,15.0,4.2,81.0
78,69,2015-12-04,8,1,2015-2016,Caxias do Sul Basquete,L. Sorocabana,1,65.85714285714286,16.714285714285715,33.142857142857146,16.0,32.57142857142857,9.285714285714286,23.285714285714285,12.285714285714286,14.571428571428571,0.9971428571428572,5.571428571428571,25.0,22.267142857142858,16.571428571428573,35.0,47.09857142857144,16.0,23.285714285714285,66.91428571428573,0.5714285714285714,13.0,1.0157142857142856,1.2857142857142858,24.428571428571427,0.047142857142857146,14.571428571428571,3.5714285714285716,65.28571428571429,70.16666666666667,16.0,43.666666666666664,10.5,36.5,15.5,21.0,11.5,14.666666666666666,0.8216666666666668,5.333333333333333,20.5,24.843333333333334,21.833333333333332,47.833333333333336,45.75333333333333,10.5,14.5,71.21833333333333,0.8333333333333334,12.666666666666666,0.8850000000000001,1.1666666666666667,24.333333333333332,0.04833333333333334,14.666666666666666,4.0,72.16666666666667
101,77,2015-12-05,8,1,2015-2016,Paulistano,Pinheiros,1,82.16666666666667,32.5,37.666666666666664,12.0,38.833333333333336,11.166666666666666,27.666666666666668,15.5,15.166666666666666,1.0883333333333334,10.833333333333334,25.833333333333332,41.78666666666667,18.833333333333332,36.166666666666664,52.29833333333334,12.0,16.0,75.42,1.3333333333333333,8.5,0.5783333333333334,1.6666666666666667,20.333333333333332,0.09000000000000001,15.166666666666666,4.833333333333333,95.16666666666667,79.57142857142857,15.857142857142858,47.714285714285715,16.0,41.0,10.571428571428571,30.428571428571427,12.0,13.142857142857142,0.937142857142857,5.285714285714286,15.142857142857142,34.93714285714286,23.857142857142858,49.142857142857146,48.480000000000004,16.0,21.857142857142858,72.75857142857141,1.2857142857142858,9.0,0.7042857142857143,5.0,20.0,0.25999999999999995,13.142857142857142,3.0,92.42857142857143
82,50,2015-12-08,9,1,2015-2016,Paulistano,Minas,1,84.85714285714286,33.42857142857143,39.142857142857146,12.285714285714286,38.57142857142857,11.428571428571429,27.142857142857142,16.285714285714285,14.142857142857142,1.3085714285714285,11.142857142857142,25.857142857142858,42.96,19.571428571428573,37.714285714285715,52.121428571428574,12.285714285714286,16.0,77.14571428571428,1.5714285714285714,8.857142857142858,0.6928571428571428,1.8571428571428572,19.571428571428573,0.10571428571428572,14.142857142857142,4.285714285714286,99.71428571428571,72.5,21.0,38.0,13.5,34.25,10.0,24.25,16.25,13.125,1.33875,7.0,22.75,30.89875,19.0,37.375,51.1525,13.5,18.875,71.97999999999999,1.875,9.125,0.7475,2.875,21.25,0.13624999999999998,13.125,4.0,82.375
93,51,2015-12-08,9,1,2015-2016,Flamengo,Caxias do Sul Basquete,1,83.0,23.571428571428573,43.714285714285715,15.714285714285714,34.0,7.571428571428571,26.428571428571427,19.714285714285715,13.571428571428571,1.5528571428571427,7.857142857142857,20.142857142857142,38.798571428571435,21.857142857142858,38.0,57.00428571428572,15.714285714285714,19.428571428571427,79.69142857142856,1.0,9.571428571428571,0.7514285714285716,2.142857142857143,18.571428571428573,0.12142857142857144,13.571428571428571,1.4285714285714286,102.71428571428571,67.375,18.375,33.0,16.0,33.0,9.875,23.125,13.875,15.5,1.0150000000000001,6.125,24.625,25.165,16.5,35.0,46.925000000000004,16.0,23.0,68.07375,1.0,13.125,0.9687499999999999,1.5,23.875,0.06,15.5,3.5,69.375
101,97,2015-12-08,9,1,2015-2016,Macaé Basquete,Pinheiros,1,73.28571428571429,21.857142857142858,32.285714285714285,19.142857142857142,28.857142857142858,8.428571428571429,20.428571428571427,10.0,13.285714285714286,0.8928571428571427,7.285714285714286,22.857142857142858,31.978571428571428,16.142857142857142,35.0,46.70857142857143,19.142857142857142,23.285714285714285,81.48714285714286,0.7142857142857143,10.142857142857142,0.812857142857143,1.0,20.857142857142858,0.054285714285714284,13.285714285714286,3.2857142857142856,71.42857142857143,79.25,16.875,47.0,15.375,41.25,11.625,29.625,11.875,13.625,0.90125,5.625,16.75,34.14125,23.5,48.625,48.253750000000004,15.375,20.75,74.24125,1.25,8.5,0.6525,4.875,19.875,0.25375,13.625,3.125,90.5
91,79,2015-12-09,9,1,2015-2016,Sesi Franca,Coop/São José Basketball,1,77.71428571428571,22.714285714285715,36.857142857142854,18.142857142857142,33.857142857142854,9.428571428571429,24.428571428571427,15.142857142857142,16.142857142857142,1.0671428571428572,7.571428571428571,21.571428571428573,33.402857142857144,18.428571428571427,37.285714285714285,50.198571428571434,18.142857142857142,25.857142857142858,70.7042857142857,2.857142857142857,7.857142857142857,0.5428571428571429,3.2857142857142856,23.285714285714285,0.14714285714285716,16.142857142857142,2.2857142857142856,81.14285714285714,79.33333333333333,27.0,36.0,16.333333333333332,36.5,9.833333333333334,26.666666666666668,12.833333333333334,15.0,0.91,9.0,24.166666666666668,37.775,18.0,37.666666666666664,47.80166666666667,16.333333333333332,21.333333333333332,76.79166666666667,0.8333333333333334,5.666666666666667,0.40666666666666657,1.6666666666666667,23.5,0.07166666666666667,15.0,4.333333333333333,81.16666666666667
90,74,2015-12-09,9,1,2015-2016,Bauru Basket,Mogi,1,83.28571428571429,29.142857142857142,36.285714285714285,17.857142857142858,35.142857142857146,8.571428571428571,26.571428571428573,17.714285714285715,12.0,1.5671428571428572,9.714285714285714,27.428571428571427,35.565714285714286,18.142857142857142,31.142857142857142,58.629999999999995,17.857142857142858,22.571428571428573,77.35857142857142,1.8571428571428572,9.285714285714286,0.8271428571428572,0.42857142857142855,17.857142857142858,0.022857142857142857,12.0,2.0,98.42857142857143,77.83333333333333,21.5,43.666666666666664,12.666666666666666,38.333333333333336,11.833333333333334,26.5,16.166666666666668,14.666666666666666,1.2916666666666667,7.166666666666667,22.5,31.69666666666667,21.833333333333332,42.333333333333336,53.10333333333333,12.666666666666666,18.0,71.11166666666666,2.1666666666666665,11.666666666666666,0.8866666666666666,3.0,18.333333333333332,0.16333333333333333,14.666666666666666,3.3333333333333335,91.0
68,77,2015-12-09,9,1,2015-2016,Rio Claro,Fortaleza B. C. / CFO,0,73.75,24.375,36.75,12.625,30.75,8.125,22.625,18.125,16.5,1.1525,8.125,23.0,35.47875,18.375,33.75,54.370000000000005,12.625,19.25,64.98875,2.75,11.875,0.7224999999999999,2.5,21.5,0.11625000000000002,16.5,4.25,83.625,80.25,27.0,37.0,16.25,38.125,12.0,26.125,11.125,15.5,0.7837500000000001,9.0,25.875,34.9525,18.5,37.875,49.33875,16.25,21.5,75.68375,2.0,8.625,0.57125,2.25,21.5,0.10250000000000001,15.5,2.625,83.375
58,61,2015-12-10,10,1,2015-2016,L. Sorocabana,Minas,0,70.0,16.285714285714285,42.57142857142857,11.142857142857142,35.857142857142854,15.285714285714286,20.571428571428573,12.142857142857142,15.714285714285714,0.8085714285714286,5.428571428571429,20.142857142857142,26.055714285714284,21.285714285714285,46.714285714285715,45.645714285714284,11.142857142857142,15.142857142857142,72.32285714285715,0.7142857142857143,13.285714285714286,0.8685714285714285,1.1428571428571428,23.142857142857142,0.05,15.714285714285714,4.428571428571429,72.57142857142857,70.0,19.0,37.55555555555556,13.444444444444445,34.0,9.444444444444445,24.555555555555557,15.666666666666666,14.0,1.2477777777777779,6.333333333333333,21.666666666666668,28.32,18.77777777777778,37.111111111111114,50.86555555555556,13.444444444444445,18.77777777777778,72.00666666666666,1.6666666666666667,8.88888888888889,0.7011111111111111,2.7777777777777777,20.555555555555557,0.13555555555555554,14.0,3.6666666666666665,78.33333333333333
79,83,2015-12-10,10,1,2015-2016,Flamengo,Pinheiros,0,84.25,24.0,45.5,14.75,34.875,7.75,27.125,19.5,13.75,1.5087499999999998,8.0,21.0,38.115,22.75,38.375,58.720000000000006,14.75,18.0,82.22999999999999,1.25,10.375,0.7912500000000001,2.125,18.75,0.11875000000000001,13.75,1.375,105.5,81.22222222222223,16.666666666666668,47.111111111111114,17.444444444444443,40.22222222222222,11.555555555555555,28.666666666666668,11.777777777777779,14.0,0.8733333333333334,5.555555555555555,17.0,33.27222222222222,23.555555555555557,47.55555555555556,49.730000000000004,17.444444444444443,22.88888888888889,75.43666666666667,1.3333333333333333,8.444444444444445,0.6322222222222221,5.222222222222222,20.555555555555557,0.26,14.0,3.111111111111111,92.0
71,62,2015-12-10,10,1,2015-2016,Macaé Basquete,Caxias do Sul Basquete,1,76.75,22.875,33.5,20.375,29.875,9.375,20.5,10.5,13.5,0.8974999999999999,7.625,23.0,33.19,16.75,36.125,46.83625000000001,20.375,24.375,82.63,0.625,10.5,0.8200000000000001,1.0,22.375,0.051250000000000004,13.5,3.5,76.375,65.55555555555556,18.333333333333332,31.77777777777778,15.444444444444445,32.22222222222222,9.333333333333334,22.88888888888889,13.11111111111111,15.777777777777779,0.9455555555555557,6.111111111111111,23.444444444444443,27.13111111111111,15.88888888888889,35.77777777777778,44.62111111111111,15.444444444444445,21.88888888888889,69.91222222222223,1.0,13.11111111111111,0.941111111111111,1.3333333333333333,23.0,0.05333333333333333,15.777777777777779,3.2222222222222223,65.88888888888889
104,74,2015-12-11,10,1,2015-2016,Bauru Basket,Coop/São José Basketball,1,84.125,28.5,38.25,17.375,35.875,8.5,27.375,17.875,11.625,1.635,9.5,27.625,34.568749999999994,19.125,31.5,60.86,17.375,22.375,76.0225,1.75,9.125,0.835,0.375,18.125,0.02,11.625,2.125,100.25,79.28571428571429,27.857142857142858,34.857142857142854,16.571428571428573,35.0,9.285714285714286,25.714285714285715,13.0,15.285714285714286,0.8971428571428571,9.285714285714286,24.428571428571427,38.42285714285715,17.428571428571427,36.285714285714285,48.11571428571428,16.571428571428573,21.714285714285715,76.53571428571429,0.7142857142857143,6.285714285714286,0.4328571428571428,1.5714285714285714,24.142857142857142,0.06714285714285714,15.285714285714286,4.0,80.71428571428571
86,63,2015-12-11,10,1,2015-2016,Rio Claro,Vitória,1,73.11111111111111,24.666666666666668,36.22222222222222,12.222222222222221,31.555555555555557,8.222222222222221,23.333333333333332,17.88888888888889,16.666666666666668,1.1233333333333335,8.222222222222221,23.333333333333332,35.38333333333333,18.11111111111111,32.888888888888886,55.16666666666667,12.222222222222221,18.77777777777778,64.43444444444444,2.6666666666666665,11.11111111111111,0.6733333333333333,2.5555555555555554,21.333333333333332,0.12000000000000001,16.666666666666668,4.666666666666667,83.11111111111111,71.375,17.625,39.25,14.5,34.25,11.5,22.75,10.75,13.375,0.8775000000000001,5.875,19.875,29.34,19.625,40.375,49.2225,14.5,19.125,75.0,1.375,9.625,0.78,1.25,17.5,0.07625,13.375,4.75,74.5
88,90,2015-12-12,10,1,2015-2016,Sesi Franca,Mogi,0,79.375,24.0,37.5,17.875,33.75,9.375,24.375,15.5,16.125,1.075,8.0,22.125,34.51625,18.75,36.375,52.673750000000005,17.875,25.875,69.55874999999999,2.875,8.25,0.56125,3.375,23.375,0.15,16.125,2.25,84.375,77.28571428571429,21.857142857142858,42.57142857142857,12.857142857142858,37.285714285714285,11.428571428571429,25.857142857142858,16.285714285714285,14.428571428571429,1.2942857142857143,7.285714285714286,22.571428571428573,32.137142857142855,21.285714285714285,42.142857142857146,51.78857142857142,12.857142857142858,18.285714285714285,70.95285714285714,2.0,10.714285714285714,0.8142857142857142,2.7142857142857144,18.571428571428573,0.14714285714285716,14.428571428571429,3.2857142857142856,88.14285714285714
74,81,2015-12-15,11,1,2015-2016,Minas,Flamengo,0,69.1,19.5,37.2,12.4,34.2,9.4,24.8,15.0,14.1,1.183,6.5,21.4,29.699,18.6,36.9,50.636,12.4,17.6,69.092,1.6,8.8,0.684,2.5,20.1,0.12199999999999997,14.1,3.5,77.1,83.66666666666667,25.333333333333332,43.55555555555556,14.777777777777779,35.0,7.888888888888889,27.11111111111111,19.333333333333332,13.777777777777779,1.4844444444444445,8.444444444444445,22.22222222222222,38.04666666666667,21.77777777777778,38.111111111111114,56.51666666666667,14.777777777777779,18.555555555555557,80.33999999999999,1.2222222222222223,10.777777777777779,0.8144444444444445,2.111111111111111,18.88888888888889,0.11666666666666667,13.777777777777779,1.3333333333333333,103.22222222222223
78,106,2015-12-15,11,1,2015-2016,Sesi Franca,Fortaleza B. C. / CFO,0,80.33333333333333,25.0,38.0,17.333333333333332,33.888888888888886,9.11111111111111,24.77777777777778,15.88888888888889,15.88888888888889,1.1066666666666665,8.333333333333334,23.0,34.75555555555556,19.0,36.22222222222222,53.48777777777778,17.333333333333332,24.77777777777778,70.85777777777777,2.888888888888889,7.888888888888889,0.538888888888889,3.5555555555555554,22.88888888888889,0.1622222222222222,15.88888888888889,2.2222222222222223,86.33333333333333,79.88888888888889,27.666666666666668,36.666666666666664,15.555555555555555,37.22222222222222,11.666666666666666,25.555555555555557,11.444444444444445,14.555555555555555,0.9188888888888889,9.222222222222221,26.0,35.595555555555556,18.333333333333332,37.55555555555556,49.25333333333333,15.555555555555555,21.0,73.81,1.8888888888888888,8.777777777777779,0.6666666666666666,2.0,21.11111111111111,0.09111111111111111,14.555555555555555,2.4444444444444446,83.33333333333333
107,104,2015-12-15,11,1,2015-2016,Brasília,Macaé Basquete,1,91.16666666666667,31.5,43.666666666666664,16.0,37.333333333333336,11.333333333333334,26.0,20.5,15.333333333333334,1.485,10.5,24.833333333333332,43.15166666666667,21.833333333333332,39.0,55.96333333333334,16.0,19.666666666666668,81.87333333333333,2.0,6.5,0.47,2.0,22.833333333333332,0.08833333333333333,15.333333333333334,3.1666666666666665,107.0,76.11111111111111,23.0,32.666666666666664,20.444444444444443,30.444444444444443,9.0,21.444444444444443,10.222222222222221,13.444444444444445,0.8666666666666666,7.666666666666667,23.11111111111111,33.20555555555555,16.333333333333332,34.888888888888886,47.410000000000004,20.444444444444443,24.666666666666668,82.0911111111111,0.6666666666666666,10.222222222222221,0.7977777777777778,1.1111111111111112,22.333333333333332,0.05555555555555555,13.444444444444445,3.4444444444444446,76.44444444444444
93,84,2015-12-15,11,1,2015-2016,Mogi,L. Sorocabana,1,78.875,21.375,43.5,14.0,38.125,12.0,26.125,15.875,14.0,1.28,7.125,23.5,30.62,21.75,42.0,52.9375,14.0,19.5,71.905,1.75,10.875,0.8487499999999999,2.75,18.625,0.14875,14.0,3.25,90.25,68.5,16.125,41.25,11.125,35.125,14.625,20.5,11.875,14.875,0.8462500000000001,5.375,19.875,26.27125,20.625,45.75,45.068749999999994,11.125,15.0,73.10374999999999,0.625,12.875,0.89875,1.375,22.125,0.06875,14.875,4.0,71.375
83,77,2015-12-15,11,1,2015-2016,Coop/São José Basketball,Paulistano,1,78.625,26.625,35.25,16.75,32.75,8.625,24.125,13.125,14.5,0.98,8.875,23.375,38.307500000000005,17.625,36.625,48.19125,16.75,22.375,75.3025,0.625,6.75,0.5175,1.375,24.125,0.05875,14.5,3.875,79.0,84.5,33.375,39.75,11.375,38.25,11.375,26.875,16.875,13.5,1.43625,11.125,27.125,41.410000000000004,19.875,37.25,53.695,11.375,15.125,74.44749999999999,1.75,9.875,0.8424999999999999,1.625,19.25,0.0925,13.5,3.75,100.5
94,68,2015-12-15,11,1,2015-2016,Bauru Basket,Vitória,1,86.33333333333333,31.333333333333332,37.55555555555556,17.444444444444443,35.333333333333336,7.888888888888889,27.444444444444443,18.77777777777778,11.777777777777779,1.6755555555555555,10.444444444444445,27.555555555555557,38.135555555555555,18.77777777777778,30.555555555555557,61.82777777777778,17.444444444444443,22.333333333333332,76.66666666666667,2.111111111111111,8.555555555555555,0.7766666666666666,0.4444444444444444,18.77777777777778,0.022222222222222223,11.777777777777779,1.8888888888888888,103.88888888888889,70.44444444444444,18.0,37.77777777777778,14.666666666666666,33.55555555555556,11.222222222222221,22.333333333333332,10.222222222222221,13.444444444444445,0.8277777777777778,6.0,19.444444444444443,30.941111111111113,18.88888888888889,40.0,47.657777777777774,14.666666666666666,19.88888888888889,73.50444444444445,1.2222222222222223,9.777777777777779,0.7811111111111111,1.6666666666666667,17.444444444444443,0.09999999999999999,13.444444444444445,4.666666666666667,72.44444444444444
67,65,2015-12-15,11,1,2015-2016,Caxias do Sul Basquete,Rio Claro,1,65.2,18.6,31.4,15.2,32.4,9.3,23.1,12.6,15.3,0.9240000000000002,6.2,23.0,28.101999999999997,15.7,36.1,43.749,15.2,21.5,70.143,0.9,12.6,0.9199999999999999,1.2,22.6,0.048,15.3,3.2,65.2,74.4,24.9,37.0,12.5,31.8,8.0,23.8,18.3,16.4,1.1680000000000001,8.3,23.0,36.345,18.5,33.2,55.761,12.5,18.6,66.815,2.8,10.8,0.663,2.6,21.2,0.123,16.4,4.4,86.0
84,75,2015-12-17,12,1,2015-2016,Paulistano,Mogi,1,83.66666666666667,31.666666666666668,40.0,12.0,37.333333333333336,11.666666666666666,25.666666666666668,16.333333333333332,13.555555555555555,1.3722222222222222,10.555555555555555,26.22222222222222,40.31777777777778,20.0,38.111111111111114,52.91444444444445,12.0,16.22222222222222,73.7311111111111,1.6666666666666667,10.333333333333334,0.8599999999999999,1.4444444444444444,19.555555555555557,0.08222222222222222,13.555555555555555,3.6666666666666665,97.55555555555556,80.44444444444444,22.666666666666668,43.333333333333336,14.444444444444445,37.888888888888886,12.11111111111111,25.77777777777778,16.555555555555557,14.555555555555555,1.2666666666666666,7.555555555555555,24.11111111111111,31.432222222222222,21.666666666666668,41.22222222222222,53.72222222222222,14.444444444444445,20.0,72.24888888888889,1.7777777777777777,10.666666666666666,0.8066666666666665,2.5555555555555554,19.11111111111111,0.13666666666666666,14.555555555555555,3.3333333333333335,91.77777777777777
90,96,2015-12-17,12,1,2015-2016,Pinheiros,Rio Claro,0,81.4,16.5,48.0,16.9,40.8,11.5,29.3,12.1,14.4,0.869,5.5,16.6,33.791,24.0,48.3,49.848,16.9,22.2,75.393,1.3,8.8,0.6359999999999999,5.4,20.3,0.273,14.4,3.0,93.4,73.54545454545455,25.90909090909091,35.63636363636363,12.0,32.63636363636363,8.545454545454545,24.09090909090909,18.272727272727273,16.636363636363637,1.1481818181818182,8.636363636363637,23.363636363636363,37.08090909090909,17.818181818181817,33.0,53.91727272727273,12.0,18.636363636363637,64.09,2.6363636363636362,10.454545454545455,0.6363636363636364,2.4545454545454546,21.636363636363637,0.11545454545454546,16.636363636363637,4.181818181818182,84.18181818181819
90,81,2015-12-17,12,1,2015-2016,Minas,Macaé Basquete,1,69.54545454545455,19.636363636363637,38.18181818181818,11.727272727272727,34.81818181818182,9.363636363636363,25.454545454545453,15.818181818181818,14.636363636363637,1.1845454545454546,6.545454545454546,21.181818181818183,30.34818181818182,19.09090909090909,37.09090909090909,51.627272727272725,11.727272727272727,17.0,66.94272727272727,1.5454545454545454,8.545454545454545,0.6490909090909092,2.727272727272727,20.0,0.13454545454545452,14.636363636363637,3.6363636363636362,78.9090909090909,78.9,22.8,34.6,21.5,31.8,9.2,22.6,10.4,13.2,0.8889999999999999,7.6,22.9,33.217999999999996,17.3,36.5,47.76700000000001,21.5,26.2,81.63199999999999,0.6,9.9,0.782,1.1,22.5,0.054000000000000006,13.2,3.5,79.7
82,66,2015-12-17,12,1,2015-2016,Bauru Basket,Fortaleza B. C. / CFO,1,87.1,32.1,37.6,17.4,36.0,8.1,27.9,18.9,12.1,1.641,10.7,27.9,38.516,18.8,30.8,61.403000000000006,17.4,22.3,76.727,2.0,8.6,0.7589999999999999,0.5,19.2,0.024,12.1,1.8,104.9,82.5,28.5,38.6,15.4,36.6,11.5,25.1,12.0,14.2,0.982,9.5,25.6,37.491,19.3,38.6,50.160999999999994,15.4,20.6,74.66400000000002,1.9,9.6,0.755,2.3,21.5,0.10200000000000001,14.2,2.4,88.2
